بلدية,Municipalite,Code_Geo,2017___Ressources_budgétaires_totales_du_conseil_municipal_X_Estimations_préliminaires,2017___Ressources_budgétaires_totales_du_conseil_municipal_X_Prévisions_actuelles,2017___Ressources_budgétaires_totales_du_conseil_municipal_X_ressources_réalisées,2017___Ressources_budgétaires_totales_du_conseil_municipal_X___de_réalisation,2017___Dépenses_totales_du_consel_municipal_x_Estimations_péliminaires,2017___Dépenses_totales_du_consel_municipal_x_Estimations_actuelles,2017___Dépenses_totales_du_conseil_municipal_X_dépenses_réalisées,2017___Dépenses_totales_du_conseil_municipal_X___de_réalisation,2017___Recettes___Dépenses,2017_____des_Dépenses_par_rapport_a_la_ressource,sheet_source,processed_date,fiscal_year,جملة_موارد_ميزاني_ة_المجلس_البلدي,جملة_موارد_ميزاني_ة_المجلس_البلدي_1,جملة_موارد_ميزاني_ة_المجلس_البلدي_2,جملة_موارد_ميزاني_ة_المجلس_البلدي_3,جملة_موارد_ميزاني_ة_المجلس_البلدي_4,جملة_موارد_ميزاني_ة_المجلس_البلدي_5,جملة_موارد_ميزاني_ة_المجلس_البلدي_6,جملة_موارد_ميزاني_ة_المجلس_البلدي_7,جملة_موارد_ميزاني_ة_المجلس_البلدي_8,جملة_موارد_ميزاني_ة_المجلس_البلدي_9,جملة_موارد_ميزاني_ة_المجلس_البلدي_10,جملة_موارد_ميزاني_ة_المجلس_البلدي_11,جملة_موارد_ميزاني_ة_المجلس_البلدي_12,جملة_موارد_ميزاني_ة_المجلس_البلدي_13,جملة_موارد_ميزاني_ة_المجلس_البلدي_14,جملة_موارد_ميزاني_ة_المجلس_البلدي_15,جملة_موارد_ميزاني_ة_المجلس_البلدي_16,جملة_موارد_ميزاني_ة_المجلس_البلدي_17,جملة_موارد_ميزاني_ة_المجلس_البلدي_18,جملة_موارد_ميزاني_ة_المجلس_البلدي_19,جملة_موارد_ميزاني_ة_المجلس_البلدي_20,جملة_موارد_ميزاني_ة_المجلس_البلدي_21,جملة_موارد_ميزاني_ة_المجلس_البلدي_22,جملة_موارد_ميزاني_ة_المجلس_البلدي_23,جملة_موارد_ميزاني_ة_المجلس_البلدي_24,جملة_موارد_ميزاني_ة_المجلس_البلدي_25,جملة_موارد_ميزاني_ة_المجلس_البلدي_26,جملة_موارد_ميزاني_ة_المجلس_البلدي_27,جملة_موارد_ميزاني_ة_المجلس_البلدي_28,جملة_موارد_ميزاني_ة_المجلس_البلدي_29,جملة_موارد_ميزاني_ة_المجلس_البلدي_30,جملة_موارد_ميزاني_ة_المجلس_البلدي_31,0_4764
بلدية تونس,Municipalité de Tunis,1111.0,161480804.0,164370004.0,78300277.0,47 64%,161025945.0,164370004.0,38428660.0,23.38%,39871617.0,0.4907857477949918,Feuil1,2025-10-14,2025,,,,,,,,,,,,,,,,,,,,,,,,,,,,,,,,,
بلدية باردو,Municipalite de Bardo,1112.0,9636504.0,10265150.0,6121013.0,59 63%,9599504.0,10265150.0,2781884.0,27.1%,3339129.0,0.454480982151157,Feuil1,2025-10-14,2025,,,,,,,,,,,,,,,,,,,,,,,,,,,,,,,,,
بلدية الكرم,Municipalite du Kram,1113.0,14224527.0,16120201.0,9078891.0,56 32%,14224527.0,16120201.0,2459892.0,15.26%,6618999.0,0.2709463083101229,Feuil1,2025-10-14,2025,,,,,,,,,,,,,,,,,,,,,,,,,,,,,,,,,
بلدية حلق الوادي,Municipalité de la Goulette,1114.0,24113180.0,26266670.0,18807042.0,71 60%,24018600.0,26066648.0,3459053.0,13.27%,15347989.0,0.1839232878833364,Feuil1,2025-10-14,2025,,,,,,,,,,,,,,,,,,,,,,,,,,,,,,,,,
بلدية قرطاج,Municipalite de Carthage,1115.0,5495131.0,6672535.0,2926932.0,43 87%,5495131.0,6672535.0,1273987.0,19.09%,1652945.0,0.4352636139138183,Feuil1,2025-10-14,2025,,,,,,,,,,,,,,,,,,,,,,,,,,,,,,,,,
بلدية سيدي بوسعيد,Municipalite de Sidi Bou Said,1116.0,4887626.0,5369392.0,2682350.0,49 96%,4887626.0,5369392.0,1005480.0,18.73%,1676870.0,0.3748504110201875,Feuil1,2025-10-14,2025,,,,,,,,,,,,,,,,,,,,,,,,,,,,,,,,,
بلدية المرسى,Municipalite de la Marsa,1117.0,27140095.0,28249880.0,18295150.0,64 76%,27140095.0,28249880.0,4923950.0,17.43%,13371200.0,0.2691396353678434,Feuil1,2025-10-14,2025,,,,,,,,,,,,,,,,,,,,,,,,,,,,,,,,,
بلدية سيدي حسين,Municipalite de Sidi Hsin,1118.0,9323079.0,10800088.0,7280703.0,67 41%,9266160.0,10797168.0,2257747.0,20.91%,5022956.0,0.3101001373081692,Feuil1,2025-10-14,2025,,,,,,,,,,,,,,,,,,,,,,,,,,,,,,,,,
بلدية أريانة,Municipalite Ariana,1211.0,61634000.0,62346000.0,48930733.0,78.48%,60164795.0,60876795.0,5337203.0,8.77%,43593530.0,0.1090767023661795,Feuil1,2025-10-14,2025,,,,,,,,,,,,,,,,,,,,,,,,,,,,,,,,,
بلدية سكرة برج الوزير,Municipalite Soukra Borj Louzir,1212.0,29872400.0,30343202.0,22418125.0,73.88%,29224500.0,30343202.0,5074524.0,16.72%,17343601.0,0.2263580919456912,Feuil1,2025-10-14,2025,,,,,,,,,,,,,,,,,,,,,,,,,,,,,,,,,
بلدية رواد,Municipalite de Raoued,1213.0,19163000.0,19390430.0,14262846.0,73.56%,19163000.0,19390430.0,3051834.0,15.74%,11211012.0,0.2139709003378428,Feuil1,2025-10-14,2025,,,,,,,,,,,,,,,,,,,,,,,,,,,,,,,,,
بلدية قلعة الأندلس,Municipalite de Kalaat El Andalos,1214.0,3127469.0,3566195.0,1245970.0,34.94%,2921314.0,3360040.0,465912.0,13.87%,780058.0,0.3739351669783382,Feuil1,2025-10-14,2025,,,,,,,,,,,,,,,,,,,,,,,,,,,,,,,,,
بلدية سيدي ثابت,Municipalite de Sidi Thabet,1215.0,1630794.0,1906315.0,309347.0,16.23%,1630794.0,1906315.0,229914.0,12.06%,79433.0,0.7432236291284544,Feuil1,2025-10-14,2025,,,,,,,,,,,,,,,,,,,,,,,,,,,,,,,,,
بلدية التضامن المنيهلة,Municipalite Ettadhamen Mnihla,1216.0,10507921.0,11714032.0,6506986.0,55.55%,9018921.0,11714032.0,1311708.0,11.2%,5195278.0,0.2015845738718356,Feuil1,2025-10-14,2025,,,,,,,,,,,,,,,,,,,,,,,,,,,,,,,,,
بلدية بن عروس,Municipalite de Ben Arous,1311.0,38513815.0,38711000.0,30027095.0,77.57%,27163422.0,27360607.0,4567535.0,16.69%,25459560.0,0.15211378256871,Feuil1,2025-10-14,2025,,,,,,,,,,,,,,,,,,,,,,,,,,,,,,,,,
بلدية المروج,Municipalite de Mourouj,1312.0,15016000.0,16938004.0,7071779.0,41.75%,14589469.0,16938004.0,4148419.0,24.49%,2923360.0,0.5866160410273003,Feuil1,2025-10-14,2025,,,,,,,,,,,,,,,,,,,,,,,,,,,,,,,,,
بلدية حمام الأنف,Municipalite de Hammam Lif,1313.0,6219000.0,6238093.0,3163421.0,50.71%,6219000.0,6238093.0,1429812.0,22.92%,1733609.0,0.4519828375673045,Feuil1,2025-10-14,2025,,,,,,,,,,,,,,,,,,,,,,,,,,,,,,,,,
بلدية حمام الشط,Municipalite Hammam Chott,1314.0,7414500.0,7895807.0,4389174.0,55.59%,7118500.0,7895807.0,2175369.0,27.55%,2213805.0,0.4956214996261255,Feuil1,2025-10-14,2025,,,,,,,,,,,,,,,,,,,,,,,,,,,,,,,,,
بلدية بومهل البساتين,Municipalite Boumhel Bassatin,1315.0,6044979.0,6349835.0,3194529.0,50.31%,6044979.0,6349835.0,2478036.0,39.03%,716493.0,0.7757124759236808,Feuil1,2025-10-14,2025,,,,,,,,,,,,,,,,,,,,,,,,,,,,,,,,,
بلدية الزهراء,Municipalite Ezzahra,1316.0,6266000.0,7379552.0,3399838.0,46.07%,5820000.0,7379552.0,2028129.0,27.48%,1371709.0,0.5965369526430377,Feuil1,2025-10-14,2025,,,,,,,,,,,,,,,,,,,,,,,,,,,,,,,,,
بلدية رادس,Municipalite de Rades,1317.0,21434000.0,22559061.0,16049008.0,71.14%,21421000.0,22527470.0,3605484.0,0.16,12443524.0,0.2246546328595512,Feuil1,2025-10-14,2025,,,,,,,,,,,,,,,,,,,,,,,,,,,,,,,,,
بلدية مقرين,Municipalite de Megrine,1318.0,8402000.0,8763682.0,4260017.0,48.61%,8402000.0,8763682.0,3401913.0,38.82%,858104.0,0.798567939987094,Feuil1,2025-10-14,2025,,,,,,,,,,,,,,,,,,,,,,,,,,,,,,,,,
بلدية المحمدية فوشانة,Municipalite Mhamdia Fouchana,1319.0,10156220.0,10778433.0,9815494.0,91.07%,10155536.0,10777748.0,1887197.0,17.51%,7928297.0,0.1922671441702272,Feuil1,2025-10-14,2025,,,,,,,,,,,,,,,,,,,,,,,,,,,,,,,,,
بلدية مرناق,Municipalite de Morneg,1320.0,6017000.0,6105033.0,1664693.0,27.27%,6017000.0,6105033.0,789104.0,12.93%,875589.0,0.4740237389116191,Feuil1,2025-10-14,2025,,,,,,,,,,,,,,,,,,,,,,,,,,,,,,,,,
بلدية الخليدية,Municipalite de Khlidia,1321.0,1275435.0,1353196.0,896164.0,66.23%,1144285.0,1228165.0,473281.0,38.54%,422883.0,0.528118737195424,Feuil1,2025-10-14,2025,,,,,,,,,,,,,,,,,,,,,,,,,,,,,,,,,
بلدية منوبة,Municipalite de Manouba,1411.0,8006040.0,7816269.0,5283467.0,67.6%,7991040.0,7816269.0,1311184.0,16.78%,3972283.0,0.2481673492046037,Feuil1,2025-10-14,2025,,,,,,,,,,,,,,,,,,,,,,,,,,,,,,,,,
بلدية الدندان,Municipalite de Denden,1412.0,2800000.0,4272432.0,2263416.0,52.98%,2644000.0,4122432.0,864978.0,20.98%,1398438.0,0.3821559978368978,Feuil1,2025-10-14,2025,,,,,,,,,,,,,,,,,,,,,,,,,,,,,,,,,
بلدية دوار هيشر,Municipalite Douar Hicher,1413.0,8111301.0,8249973.0,5203652.0,63.07%,8111301.0,8249973.0,2272199.0,27.54%,2931453.0,0.4366546802130504,Feuil1,2025-10-14,2025,,,,,,,,,,,,,,,,,,,,,,,,,,,,,,,,,
بلدية وادي الليل,Municipalite Oued Ellil,1414.0,6118901.0,6118901.0,4461649.0,72.92%,6118901.0,6118901.0,1562347.0,25.53%,2899302.0,0.3501725483111737,Feuil1,2025-10-14,2025,,,,,,,,,,,,,,,,,,,,,,,,,,,,,,,,,
بلدية المرناقية,Municipalite de Mornaguia,1415.0,2909035.0,3066533.0,1966536.0,64.13%,2909035.0,3066533.0,535982.0,17.48%,1430554.0,0.2725513288340513,Feuil1,2025-10-14,2025,,,,,,,,,,,,,,,,,,,,,,,,,,,,,,,,,
بلدية برج العامري,Municipalite de Borj El Amri,1416.0,967449.0,967537.0,421537.0,43.57%,967449.0,967537.0,280679.0,29.01%,140858.0,0.6658466516580989,Feuil1,2025-10-14,2025,,,,,,,,,,,,,,,,,,,,,,,,,,,,,,,,,
بلدية الجديدة,Municipalite de Jedaida,1417.0,4452946.0,4988711.0,3836916.0,76.91%,4350776.0,4957734.0,870187.0,17.55%,2966729.0,0.2267933413189134,Feuil1,2025-10-14,2025,,,,,,,,,,,,,,,,,,,,,,,,,,,,,,,,,
بلدية طبربة,Municipalite de Tebourba,1418.0,2650000.0,2862122.0,1412870.0,49.36%,2650000.0,2862122.0,668518.0,23.36%,744352.0,0.4731631360280847,Feuil1,2025-10-14,2025,,,,,,,,,,,,,,,,,,,,,,,,,,,,,,,,,
بلدية البطان,Municipalite de Battan,1419.0,1106834.0,1106834.0,608578.0,54.98%,1106834.0,1106834.0,306391.0,27.68%,302187.0,0.5034539533141191,Feuil1,2025-10-14,2025,,,,,,,,,,,,,,,,,,,,,,,,,,,,,,,,,
بلدية نابل,Municipalite de Nabeul,1511.0,15701002.0,16582330.0,10943787.0,0.66,15701002.0,16582330.0,3267163.0,19.7%,7676624.0,0.2985404412567605,Feuil1,2025-10-14,2025,,,,,,,,,,,,,,,,,,,,,,,,,,,,,,,,,
بلدية دار شعبان الفهري,Municipalite de Dar Chaaben,1512.0,8304259.0,9097899.0,3649306.0,40.11%,8300259.0,9097899.0,1466454.0,16.12%,2182852.0,0.4018446247039848,Feuil1,2025-10-14,2025,,,,,,,,,,,,,,,,,,,,,,,,,,,,,,,,,
بلدية بني خيار,Municipalite de Beni Khiar,1513.0,3395750.0,4098464.0,2337033.0,57.02%,3395750.0,4098464.0,1132991.0,27.64%,1204042.0,0.4847988881628971,Feuil1,2025-10-14,2025,,,,,,,,,,,,,,,,,,,,,,,,,,,,,,,,,
بلدية المعمورة,Municipalite de Maamoura,1514.0,1690000.0,1930810.0,1239247.0,64.18%,1690000.0,1930810.0,279879.0,14.5%,959368.0,0.2258460177833797,Feuil1,2025-10-14,2025,,,,,,,,,,,,,,,,,,,,,,,,,,,,,,,,,
بلدية الصمعة,Municipalite de Somaa,1515.0,1220000.0,1603284.0,1030601.0,64.28%,1220000.0,1603284.0,318345.0,19.86%,712256.0,0.3088925782140712,Feuil1,2025-10-14,2025,,,,,,,,,,,,,,,,,,,,,,,,,,,,,,,,,
بلدية قربة,Municipalite de Korba,1516.0,6970000.0,8603258.0,5203575.0,60.48%,6898042.0,8531300.0,1349455.0,15.82%,3854120.0,0.2593322859764681,Feuil1,2025-10-14,2025,,,,,,,,,,,,,,,,,,,,,,,,,,,,,,,,,
بلدية تازركة,Municipalite de Tazerka,1517.0,3028700.0,3056538.0,1471131.0,48.13%,3028700.0,3056538.0,517830.0,16.94%,953301.0,0.3519944858751532,Feuil1,2025-10-14,2025,,,,,,,,,,,,,,,,,,,,,,,,,,,,,,,,,
بلدية منزل تميم,Municipalite de Menzel Tmim,1518.0,5935000.0,6553697.0,4203721.0,64.14%,5935000.0,6553697.0,1796686.0,27.41%,2407035.0,0.4274037216075948,Feuil1,2025-10-14,2025,,,,,,,,,,,,,,,,,,,,,,,,,,,,,,,,,
بلدية منزل حر,Municipalite Menzel Horr,1519.0,976000.0,1888320.0,1206408.0,63.89%,976000.0,1888320.0,237026.0,12.55%,969382.0,0.1964725034979874,Feuil1,2025-10-14,2025,,,,,,,,,,,,,,,,,,,,,,,,,,,,,,,,,
بلدية الميدة,Municipalite de Mida,1520.0,1260000.0,1904008.0,992961.0,52.15%,1260000.0,1904008.0,146335.0,7.69%,846626.0,0.1473723539998046,Feuil1,2025-10-14,2025,,,,,,,,,,,,,,,,,,,,,,,,,,,,,,,,,
بلدية قليبية,Municipalite de Kelibia,1521.0,6838000.0,7542443.0,4807390.0,63.74%,6616036.0,7320479.0,1484328.0,20.28%,3323062.0,0.3087596388060881,Feuil1,2025-10-14,2025,,,,,,,,,,,,,,,,,,,,,,,,,,,,,,,,,
بلدية أزمور,Municipalite Azmour,1522.0,818500.0,1267457.0,638942.0,50.41%,818500.0,1267457.0,164005.0,12.94%,474937.0,0.2566821401629569,Feuil1,2025-10-14,2025,,,,,,,,,,,,,,,,,,,,,,,,,,,,,,,,,
بلدية حمام الأغزاز,Municipalite de Hammam Guezaz,1523.0,1400481.0,1629126.0,1227002.0,75.32%,1326931.0,1552741.0,273707.0,17.63%,953295.0,0.2230697260477163,Feuil1,2025-10-14,2025,,,,,,,,,,,,,,,,,,,,,,,,,,,,,,,,,
بلدية دار علوش,Municipalite de Dar Allouch,1524.0,869000.0,997403.0,570255.0,57.17%,869000.0,997403.0,255446.0,25.61%,314809.0,0.4479504782947979,Feuil1,2025-10-14,2025,,,,,,,,,,,,,,,,,,,,,,,,,,,,,,,,,
بلدية الهوارية,Municipalite de Haouaria,1525.0,1781800.0,3045013.0,1879888.0,61.74%,1781800.0,3045013.0,355945.0,11.69%,1523943.0,0.1893437268603235,Feuil1,2025-10-14,2025,,,,,,,,,,,,,,,,,,,,,,,,,,,,,,,,,
بلدية تاكلسة,Municipalite de Takelsa,1526.0,1648000.0,3375104.0,2646866.0,78.42%,1648000.0,3375104.0,645712.0,19.13%,2001154.0,0.2439534150954374,Feuil1,2025-10-14,2025,,,,,,,,,,,,,,,,,,,,,,,,,,,,,,,,,
بلدية سليمان,Municipalite de Soliman,1527.0,16261378.0,17337516.0,10101148.0,58.26%,16011378.0,17337516.0,3012972.0,17.38%,7088176.0,0.2982801558793119,Feuil1,2025-10-14,2025,,,,,,,,,,,,,,,,,,,,,,,,,,,,,,,,,
بلدية قربص,Municipalite de Korbous,1528.0,820900.0,864532.0,318777.0,36.87%,690340.0,733972.0,170697.0,23.26%,148080.0,0.5354746421479593,Feuil1,2025-10-14,2025,,,,,,,,,,,,,,,,,,,,,,,,,,,,,,,,,
بلدية منزل بوزلفة,Municipalite de Meznel Bouzelfa,1529.0,4991000.0,5549031.0,3132520.0,56.45%,4946000.0,5549031.0,1085491.0,19.56%,2047029.0,0.3465232464597193,Feuil1,2025-10-14,2025,,,,,,,,,,,,,,,,,,,,,,,,,,,,,,,,,
بلدية بني خلاد,Municipalite de Beni Khaled,1530.0,2864266.0,3175631.0,1662578.0,52.35%,2864266.0,3175631.0,722193.0,22.74%,940385.0,0.4343814245106094,Feuil1,2025-10-14,2025,,,,,,,,,,,,,,,,,,,,,,,,,,,,,,,,,
بلدية زاوية الجديدي,Municipalite de Zaouiet Jdidi,1531.0,1273500.0,1263938.0,656598.0,51.95%,1253500.0,1263938.0,241082.0,19.07%,415516.0,0.367168343491756,Feuil1,2025-10-14,2025,,,,,,,,,,,,,,,,,,,,,,,,,,,,,,,,,
بلدية قرنبالية,Municipalite de Grombalia,1532.0,9049000.0,9785812.0,6464955.0,66.06%,9049000.0,9785812.0,1293816.0,13.22%,5171139.0,0.200127611097061,Feuil1,2025-10-14,2025,,,,,,,,,,,,,,,,,,,,,,,,,,,,,,,,,
بلدية بوعرقوب,Municipalite de Bouargoub,1533.0,5098000.0,5345110.0,3520794.0,65.87%,4998000.0,5345110.0,1567745.0,29.33%,1953049.0,0.4452816608980815,Feuil1,2025-10-14,2025,,,,,,,,,,,,,,,,,,,,,,,,,,,,,,,,,
بلدية الحمامات,Municipalite de Hammamet,1534.0,22317858.0,23209998.0,12102134.0,52.14%,21082000.0,21974140.0,3500111.0,15.93%,8602023.0,0.2892143650037257,Feuil1,2025-10-14,2025,,,,,,,,,,,,,,,,,,,,,,,,,,,,,,,,,
بلدية زغوان,Municipalite de Zaghouan,1611.0,5168133.0,7903297.0,5621199.0,71.12%,5168133.0,7903297.0,920631.0,11.65%,4700568.0,0.1637784038601017,Feuil1,2025-10-14,2025,,,,,,,,,,,,,,,,,,,,,,,,,,,,,,,,,
بلدية الزريبة,Municipalite de Zriba,1612.0,4692571.0,5470640.0,3427607.0,62.65%,4444379.0,5222449.0,1328692.0,25.44%,2098915.0,0.3876442077519388,Feuil1,2025-10-14,2025,,,,,,,,,,,,,,,,,,,,,,,,,,,,,,,,,
بلدية بير مشارقة,Municipalite de Bir Mchergua,1613.0,2500000.0,4152117.0,3029757.0,72.97%,2400886.0,4152117.0,820743.0,19.77%,2209014.0,0.2708940023902907,Feuil1,2025-10-14,2025,,,,,,,,,,,,,,,,,,,,,,,,,,,,,,,,,
بلدية جبل الوسط,Municipalite de Djebel Elwest,1614.0,2127000.0,3474920.0,2343602.0,67.44%,1365346.0,3474920.0,267231.0,7.69%,2076371.0,0.11402576034668,Feuil1,2025-10-14,2025,,,,,,,,,,,,,,,,,,,,,,,,,,,,,,,,,
بلدية الفحص,Municipalite de Fahs,1615.0,3900000.0,6027614.0,4599731.0,76.31%,2961842.0,6027614.0,901994.0,14.96%,3697737.0,0.1960971195924283,Feuil1,2025-10-14,2025,,,,,,,,,,,,,,,,,,,,,,,,,,,,,,,,,
بلدية الناظور,Municipalite de Nadhour,1616.0,3168000.0,3961681.0,1678700.0,42.37%,2786208.0,3961681.0,739692.0,18.67%,939008.0,0.4406338237922201,Feuil1,2025-10-14,2025,,,,,,,,,,,,,,,,,,,,,,,,,,,,,,,,,
بلدية بنزرت,Municipalite de Bizerte,1711.0,19975314.0,21854630.0,13075839.0,59.83%,19975314.0,21854630.0,5544327.0,25.37%,7531512.0,0.4240130977446265,Feuil1,2025-10-14,2025,,,,,,,,,,,,,,,,,,,,,,,,,,,,,,,,,
بلدية سجنان,Municipalite de Sejnane,1712.0,1800000.0,1800000.0,709316.0,39.41%,1800000.0,1800000.0,437228.0,24.29%,272088.0,0.6164079197423997,Feuil1,2025-10-14,2025,,,,,,,,,,,,,,,,,,,,,,,,,,,,,,,,,
بلدية ماطر,Municipalite de Mateur,1713.0,8526000.0,8526000.0,5186790.0,60.83%,8425247.0,8425247.0,1482988.0,17.6%,3703802.0,0.2859163374649832,Feuil1,2025-10-14,2025,,,,,,,,,,,,,,,,,,,,,,,,,,,,,,,,,
بلدية منزل بورقيبة,Municipalite de Menzel Bourguiba,1714.0,8657675.0,8670000.0,4283882.0,49.41%,8470394.0,8637218.0,2335017.0,27.03%,1948865.0,0.5450703357375389,Feuil1,2025-10-14,2025,,,,,,,,,,,,,,,,,,,,,,,,,,,,,,,,,
بلدية تينجة,Municipalite de Tinja,1715.0,2614000.0,2620000.0,1243539.0,47.46%,2560617.0,2568117.0,135082.0,5.26%,1108457.0,0.108627071607726,Feuil1,2025-10-14,2025,,,,,,,,,,,,,,,,,,,,,,,,,,,,,,,,,
بلدية غار الملح,Municipalite de Ghar Melh,1716.0,1266933.0,1273731.0,637051.0,50.01%,1259004.0,1265802.0,437371.0,34.55%,199680.0,0.6865557074708304,Feuil1,2025-10-14,2025,,,,,,,,,,,,,,,,,,,,,,,,,,,,,,,,,
بلدية عوسجة,Municipalite de Aousja,1717.0,990685.0,992832.0,506112.0,50.98%,990685.0,992832.0,116559.0,11.74%,389553.0,0.2303027788315629,Feuil1,2025-10-14,2025,,,,,,,,,,,,,,,,,,,,,,,,,,,,,,,,,
بلدية منزل جميل,Municipalite de Menzel Jemil,1718.0,4251272.0,4255272.0,1319446.0,31.01%,4200170.0,4204170.0,547615.0,13.03%,771831.0,0.4150340370125037,Feuil1,2025-10-14,2025,,,,,,,,,,,,,,,,,,,,,,,,,,,,,,,,,
بلدية منزل عبد الرحمان,Municipalite Menzel Abderrahmen,1719.0,2291565.0,2308488.0,1002190.0,43.41%,2281909.0,2290186.0,465117.0,20.31%,537073.0,0.4641006196429819,Feuil1,2025-10-14,2025,,,,,,,,,,,,,,,,,,,,,,,,,,,,,,,,,
بلدية العالية,Municipalite de Alia,1720.0,3828250.0,3839000.0,2132031.0,55.54%,3828250.0,3839000.0,796653.0,20.75%,1335378.0,0.3736592010153698,Feuil1,2025-10-14,2025,,,,,,,,,,,,,,,,,,,,,,,,,,,,,,,,,
بلدية رأس الجبل,Municipalite de Ras Jebel,1721.0,5426339.0,5180000.0,3077634.0,59.41%,5426339.0,5180000.0,500735.0,9.67%,2576899.0,0.1627012828685932,Feuil1,2025-10-14,2025,,,,,,,,,,,,,,,,,,,,,,,,,,,,,,,,,
بلدية الماتلين,Municipalite de Metline,1722.0,1394329.0,1407115.0,612372.0,43.52%,1391265.0,1401933.0,166212.0,11.86%,446160.0,0.2714232525327742,Feuil1,2025-10-14,2025,,,,,,,,,,,,,,,,,,,,,,,,,,,,,,,,,
بلدية رفراف,Municipalite de Rafraf,1723.0,1944805.0,1952805.0,845541.0,43.3%,1944805.0,1952805.0,482603.0,24.71%,362938.0,0.5707623876311143,Feuil1,2025-10-14,2025,,,,,,,,,,,,,,,,,,,,,,,,,,,,,,,,,
بلدية باجة,Municipalite de Beja,2111.0,11665203.0,11990987.0,7572099.0,63.15%,11638095.0,11990987.0,2421581.0,20.2%,5150518.0,0.3198031351676728,Feuil1,2025-10-14,2025,,,,,,,,,,,,,,,,,,,,,,,,,,,,,,,,,
بلدية المعقولة,Municipalite de Maagoula,2112.0,1272500.0,1498795.0,907488.0,60.55%,1113202.0,1329455.0,314578.0,23.66%,592910.0,0.3466470080045135,Feuil1,2025-10-14,2025,,,,,,,,,,,,,,,,,,,,,,,,,,,,,,,,,
بلدية زهرة مدين,Municipalite de Zahret Medien,2113.0,1372500.0,1356937.0,640222.0,47.18%,1269221.0,1306937.0,235637.0,18.03%,404585.0,0.3680551433721428,Feuil1,2025-10-14,2025,,,,,,,,,,,,,,,,,,,,,,,,,,,,,,,,,
بلدية نفزة,Municipalite de Nefza,2114.0,1996126.0,1952650.0,842659.0,43.15%,1985626.0,1952650.0,435729.0,22.31%,406930.0,0.5170881697104048,Feuil1,2025-10-14,2025,,,,,,,,,,,,,,,,,,,,,,,,,,,,,,,,,
بلدية تبرسق,Municipalite de Tborsok,2115.0,1801067.0,1849605.0,921977.0,49.85%,1801067.0,1849605.0,209457.0,11.32%,712520.0,0.2271824568291833,Feuil1,2025-10-14,2025,,,,,,,,,,,,,,,,,,,,,,,,,,,,,,,,,
بلدية تستور,Municipalite de Testour,2116.0,1525275.0,1505859.0,417344.0,27.71%,1519094.0,1505859.0,316623.0,21.03%,100721.0,0.7586619191841742,Feuil1,2025-10-14,2025,,,,,,,,,,,,,,,,,,,,,,,,,,,,,,,,,
بلدية قبلاط,Municipalite de Gbollat,2117.0,1743447.0,1753456.0,547346.0,31.22%,1706772.0,1717488.0,290911.0,16.94%,256435.0,0.5314937900340918,Feuil1,2025-10-14,2025,,,,,,,,,,,,,,,,,,,,,,,,,,,,,,,,,
بلدية مجاز الباب,Municipalite de Medjez El Beb,2118.0,5987033.0,5976941.0,2451222.0,41.01%,5984670.0,5976941.0,888892.0,14.87%,1562330.0,0.3626321891693204,Feuil1,2025-10-14,2025,,,,,,,,,,,,,,,,,,,,,,,,,,,,,,,,,
بلدية جندوبة,Municipalite de Jendouba,2211.0,11259660.0,11399132.0,7475992.0,65.58%,11259660.0,11399132.0,2162987.0,18.98%,5313005.0,0.2893244134022615,Feuil1,2025-10-14,2025,,,,,,,,,,,,,,,,,,,,,,,,,,,,,,,,,
بلدية بوسالم,Municipalite de Boussalem,2212.0,3337532.0,3763649.0,2131428.0,56.63%,3337532.0,3763649.0,1007455.0,26.77%,1123973.0,0.4726666816800755,Feuil1,2025-10-14,2025,,,,,,,,,,,,,,,,,,,,,,,,,,,,,,,,,
بلدية طبرقة,Municipalite de Tabarka,2213.0,3089590.0,3214286.0,1599388.0,49.76%,3089590.0,3214286.0,692157.0,21.53%,907231.0,0.4327636570988403,Feuil1,2025-10-14,2025,,,,,,,,,,,,,,,,,,,,,,,,,,,,,,,,,
عين دراهم,Municipalite de Ain Drahem,2214.0,1931224.0,2017452.0,898444.0,44.53%,1931224.0,2017452.0,416259.0,20.63%,482185.0,0.4633110132629301,Feuil1,2025-10-14,2025,,,,,,,,,,,,,,,,,,,,,,,,,,,,,,,,,
بلدية فرنانة,Municipalite de Feriana,2215.0,1659027.0,1990344.0,1296312.0,65.13%,1626145.0,1988437.0,310609.0,15.62%,985703.0,0.2396097544418319,Feuil1,2025-10-14,2025,,,,,,,,,,,,,,,,,,,,,,,,,,,,,,,,,
بلدية بني مطير,Municipalite de Beni Mtir,2216.0,547503.0,551288.0,318520.0,57.78%,547323.0,551288.0,96679.0,17.54%,221841.0,0.303525681275901,Feuil1,2025-10-14,2025,,,,,,,,,,,,,,,,,,,,,,,,,,,,,,,,,
بلدية غار الدماء,Municipalite de Ghar Dimaou,2217.0,2536569.0,2980643.0,1701437.0,57.08%,2527193.0,2980643.0,336523.0,11.29%,1364914.0,0.1977875172574711,Feuil1,2025-10-14,2025,,,,,,,,,,,,,,,,,,,,,,,,,,,,,,,,,
بلدية وادي مليز,Municipalite de Oued Mliz,2218.0,1479459.0,1503937.0,1053598.0,70.06%,1434372.0,1503937.0,201984.0,13.43%,851614.0,0.1917087921579198,Feuil1,2025-10-14,2025,,,,,,,,,,,,,,,,,,,,,,,,,,,,,,,,,
بلدية الكاف,Municipalite du Kef,2311.0,8329209.0,8706106.0,5057268.0,58.09%,8329209.0,8706106.0,2262002.0,25.98%,2795266.0,0.4472774628514842,Feuil1,2025-10-14,2025,,,,,,,,,,,,,,,,,,,,,,,,,,,,,,,,,
بلدية نبر,Municipalite de Nebr,2312.0,744593.0,794415.0,237389.0,29.88%,700454.0,794415.0,137440.0,17.3%,99949.0,0.5789653269528074,Feuil1,2025-10-14,2025,,,,,,,,,,,,,,,,,,,,,,,,,,,,,,,,,
بلدية الطويرف,Municipalite de Touiref,2313.0,313000.0,664209.0,438211.0,65.97%,313000.0,664209.0,78389.0,11.8%,359822.0,0.1788841448525938,Feuil1,2025-10-14,2025,,,,,,,,,,,,,,,,,,,,,,,,,,,,,,,,,
بلدية ساقية سيدي يوسف,Municipalite de Sakiet Eddaier,2314.0,1008771.0,1151460.0,568308.0,49.36%,1008771.0,1151460.0,281255.0,24.43%,287053.0,0.494898892853875,Feuil1,2025-10-14,2025,,,,,,,,,,,,,,,,,,,,,,,,,,,,,,,,,
بلدية تاجروين,Municipalite de Tajerouin,2315.0,3660500.0,3730874.0,2256415.0,60.48%,3659500.0,3730874.0,605895.0,16.24%,1650520.0,0.2685210832227228,Feuil1,2025-10-14,2025,,,,,,,,,,,,,,,,,,,,,,,,,,,,,,,,,
بلدية منزل سالم,Municipalite de Menzel Salem,2316.0,612239.0,642239.0,440050.0,68.52%,612239.0,642239.0,132128.0,20.57%,307922.0,0.3002567890012498,Feuil1,2025-10-14,2025,,,,,,,,,,,,,,,,,,,,,,,,,,,,,,,,,
بلدية قلعة سنان,Municipalite de Kalaat Snan,2317.0,1115000.0,1967695.0,1115638.0,56.7%,1115000.0,1967695.0,224915.0,11.43%,890723.0,0.2016021325913961,Feuil1,2025-10-14,2025,,,,,,,,,,,,,,,,,,,,,,,,,,,,,,,,,
بلدية القلعة الخصباء,Municipalite de Kalaat Khasba,2318.0,572000.0,1214715.0,670796.0,55.22%,572000.0,1214715.0,294401.0,24.24%,376395.0,0.4388830583366627,Feuil1,2025-10-14,2025,,,,,,,,,,,,,,,,,,,,,,,,,,,,,,,,,
بلدية الجريصة,Municipalite de Jerissa,2319.0,1040530.0,1600681.0,833569.0,52.08%,1040530.0,1600681.0,449017.0,28.05%,384552.0,0.5386680646713109,Feuil1,2025-10-14,2025,,,,,,,,,,,,,,,,,,,,,,,,,,,,,,,,,
بلدية القصور,Municipalite de Ksrour,2320.0,2106000.0,2298637.0,479921.0,20.88%,2105836.0,2298472.0,349256.0,15.2%,130665.0,0.7277364399557427,Feuil1,2025-10-14,2025,,,,,,,,,,,,,,,,,,,,,,,,,,,,,,,,,
بلدية الدهماني,Municipalite de Dahmani,2321.0,2420307.0,2519580.0,576125.0,22.87%,2420307.0,2519580.0,287498.0,11.41%,288627.0,0.4990201779127793,Feuil1,2025-10-14,2025,,,,,,,,,,,,,,,,,,,,,,,,,,,,,,,,,
بلدية السرس,Municipalite de Sers,2322.0,1520000.0,2094427.0,1271863.0,60.73%,1519000.0,2094427.0,621432.0,29.67%,650431.0,0.4885997941602201,Feuil1,2025-10-14,2025,,,,,,,,,,,,,,,,,,,,,,,,,,,,,,,,,
بلدية سليانة,Municipalite de Siliana,2411.0,6676178.0,9858446.0,6910387.0,70.1%,6676178.0,9858446.0,1781880.0,18.07%,5128507.0,0.2578553125895843,Feuil1,2025-10-14,2025,,,,,,,,,,,,,,,,,,,,,,,,,,,,,,,,,
بلدية بوعرادة,Municipalite de Bouarada,2412.0,1897752.0,2186165.0,1195327.0,54.68%,1897752.0,2186165.0,302282.0,13.83%,893045.0,0.2528864486454334,Feuil1,2025-10-14,2025,,,,,,,,,,,,,,,,,,,,,,,,,,,,,,,,,
بلدية قعفور,Municipalite de Gaafour,2413.0,2191734.0,2698020.0,794515.0,29.45%,2191734.0,2698020.0,492136.0,18.24%,302379.0,0.6194168769626753,Feuil1,2025-10-14,2025,,,,,,,,,,,,,,,,,,,,,,,,,,,,,,,,,
بلدية الكريب,Municipalite du Krib,2414.0,2430502.0,2755813.0,1170556.0,42.48%,2430502.0,2755813.0,666557.0,24.19%,503999.0,0.5694362337214111,Feuil1,2025-10-14,2025,,,,,,,,,,,,,,,,,,,,,,,,,,,,,,,,,
بلدية سيدي بورويس,Municipalite Sidi Bourouis,2415.0,857000.0,863190.0,195513.0,22.65%,857000.0,863190.0,141320.0,16.37%,54193.0,0.722816385611187,Feuil1,2025-10-14,2025,,,,,,,,,,,,,,,,,,,,,,,,,,,,,,,,,
بلدية مكثر,Municipalite de Makthar,2416.0,1821000.0,2507682.0,1178529.0,0.47,1433188.0,2507682.0,487127.0,19.43%,691402.0,0.413334758839197,Feuil1,2025-10-14,2025,,,,,,,,,,,,,,,,,,,,,,,,,,,,,,,,,
بلدية الروحية,Municipalite Errouhia,2417.0,2619900.0,2988473.0,738479.0,24.71%,2619900.0,2988473.0,480957.0,16.09%,257522.0,0.6512805374289588,Feuil1,2025-10-14,2025,,,,,,,,,,,,,,,,,,,,,,,,,,,,,,,,,
بلدية كسرى,Municipalite de Kesra,2418.0,916300.0,1714540.0,962418.0,56.13%,916300.0,1714540.0,147894.0,8.63%,814524.0,0.1536691957132971,Feuil1,2025-10-14,2025,,,,,,,,,,,,,,,,,,,,,,,,,,,,,,,,,
بلدية برقو,Municipalite de Bargou,2419.0,1129000.0,1381674.0,451321.0,32.66%,1129000.0,1381674.0,206622.0,14.95%,244699.0,0.4578160555347524,Feuil1,2025-10-14,2025,,,,,,,,,,,,,,,,,,,,,,,,,,,,,,,,,
بلدية العروسة,Municipalite Elaroussa,2420.0,1050000.0,1657492.0,926812.0,55.92%,1050000.0,1657492.0,614410.0,37.07%,312402.0,0.6629284040344752,Feuil1,2025-10-14,2025,,,,,,,,,,,,,,,,,,,,,,,,,,,,,,,,,
بلدية سوسة,Municipalite de Sousse,3111.0,42649000.0,43476688.0,24898724.0,57.27%,42649000.0,43476688.0,5310164.0,12.21%,19588560.0,0.2132705274374703,Feuil1,2025-10-14,2025,,,,,,,,,,,,,,,,,,,,,,,,,,,,,,,,,
بلدية قصيبة والثريات,Municipalite de Ksiba et Thrayet,3112.0,1474000.0,1810559.0,880175.0,48.61%,1474000.0,1810559.0,335384.0,18.52%,544791.0,0.3810424063396483,Feuil1,2025-10-14,2025,,,,,,,,,,,,,,,,,,,,,,,,,,,,,,,,,
بلدية الزهور,Municipalite Ezzouhour,3113.0,1340000.0,1522586.0,762794.0,50.1%,1340000.0,1522586.0,293321.0,19.26%,469473.0,0.384535012074033,Feuil1,2025-10-14,2025,,,,,,,,,,,,,,,,,,,,,,,,,,,,,,,,,
بلدية زاوية سوسة,Municipalite Zaouiet Sousse,3114.0,2618000.0,2817130.0,1874279.0,66.53%,2618000.0,2817130.0,362342.0,12.86%,1511937.0,0.1933234059603719,Feuil1,2025-10-14,2025,,,,,,,,,,,,,,,,,,,,,,,,,,,,,,,,,
بلدية حمام سوسة,Municipalite de Hamam Sousse,3115.0,14728000.0,15492926.0,8779011.0,56.66%,14728000.0,15492926.0,3522608.0,22.74%,5256403.0,0.4012533985889754,Feuil1,2025-10-14,2025,,,,,,,,,,,,,,,,,,,,,,,,,,,,,,,,,
بلدية أكودة,Municipalite Akouda,3116.0,3948663.0,5446387.0,2854832.0,52.42%,3948663.0,5446387.0,824470.0,15.14%,2030362.0,0.2887980798870126,Feuil1,2025-10-14,2025,,,,,,,,,,,,,,,,,,,,,,,,,,,,,,,,,
بلدية القلعة الكبرى,Municipalite de Kalaa Kbira,3117.0,5920969.0,5934161.0,3900014.0,65.72%,5920969.0,5934161.0,903657.0,15.23%,2996357.0,0.231706091311467,Feuil1,2025-10-14,2025,,,,,,,,,,,,,,,,,,,,,,,,,,,,,,,,,
بلدية سيدي بو علي,Municipalite de Sidi Bou Ali,3118.0,2000000.0,2250766.0,1294933.0,57.53%,1990000.0,2240766.0,237997.0,10.62%,1056936.0,0.1837909760582207,Feuil1,2025-10-14,2025,,,,,,,,,,,,,,,,,,,,,,,,,,,,,,,,,
بلدية هرقلة,Municipalite de Hergla,3119.0,1500000.0,1940905.0,1323644.0,68.2%,1499000.0,1940905.0,272204.0,14.02%,1051440.0,0.2056474399460882,Feuil1,2025-10-14,2025,,,,,,,,,,,,,,,,,,,,,,,,,,,,,,,,,
بلدية النفيضة,Municipalite Ennfidha,3120.0,4290000.0,4791189.0,2193344.0,45.78%,4289225.0,4790414.0,762713.0,15.92%,1430631.0,0.3477397982259053,Feuil1,2025-10-14,2025,,,,,,,,,,,,,,,,,,,,,,,,,,,,,,,,,
بلدية بوفيشة,Municipalite Bouficha,3121.0,3250900.0,3591469.0,1412380.0,39.33%,3214450.0,3591469.0,754424.0,21.01%,657956.0,0.5341508659142724,Feuil1,2025-10-14,2025,,,,,,,,,,,,,,,,,,,,,,,,,,,,,,,,,
بلدية سيدي الهاني,Municipalite Sidi Heni,3122.0,1418000.0,1645636.0,941752.0,57.23%,1418000.0,1645636.0,183833.0,11.17%,757919.0,0.1952031957458014,Feuil1,2025-10-14,2025,,,,,,,,,,,,,,,,,,,,,,,,,,,,,,,,,
بلدية مساكن,Municipalite de Msaken,3123.0,11755234.0,12229066.0,5926893.0,48.47%,11185234.0,11659066.0,2476350.0,21.24%,3450543.0,0.4178158775601314,Feuil1,2025-10-14,2025,,,,,,,,,,,,,,,,,,,,,,,,,,,,,,,,,
بلدية القلعة الصغرى,Municipalite de Kalaa Sghira,3124.0,3524271.0,4579413.0,3082838.0,67.32%,3524271.0,4579413.0,838033.0,18.3%,2244805.0,0.2718381569190466,Feuil1,2025-10-14,2025,,,,,,,,,,,,,,,,,,,,,,,,,,,,,,,,,
بلدية المسعدين,Municipalite Messaadine,3125.0,2810000.0,3797251.0,2774142.0,73.06%,2810000.0,3797251.0,547551.0,14.42%,2226591.0,0.1973767024182612,Feuil1,2025-10-14,2025,,,,,,,,,,,,,,,,,,,,,,,,,,,,,,,,,
بلدية كندار,Municipalite Kondar,3126.0,1675000.0,1675000.0,237173.0,14.16%,1675000.0,1675000.0,159583.0,9.53%,77590.0,0.6728548359214582,Feuil1,2025-10-14,2025,,,,,,,,,,,,,,,,,,,,,,,,,,,,,,,,,
بلدية المنستير,Municipalite de Monsatir,3211.0,21405507.0,21886988.0,12733659.0,58.18%,21309427.0,21772187.0,3388217.0,15.56%,9345442.0,0.2660835349839351,Feuil1,2025-10-14,2025,,,,,,,,,,,,,,,,,,,,,,,,,,,,,,,,,
بلدية خنيس,Municipalite de Khenis,3212.0,1270500.0,1654873.0,870990.0,52.63%,1267500.0,1654873.0,385231.0,23.28%,485759.0,0.4422909562681546,Feuil1,2025-10-14,2025,,,,,,,,,,,,,,,,,,,,,,,,,,,,,,,,,
بلدية الوردانين,Municipalite de Ouardanin,3213.0,1703800.0,2345487.0,1457194.0,62.13%,1698800.0,2345487.0,413265.0,17.62%,1043929.0,0.2836032813750263,Feuil1,2025-10-14,2025,,,,,,,,,,,,,,,,,,,,,,,,,,,,,,,,,
بلدية الساحلين ومعتمر,Municipalite de Sahline et Moatamar,3214.0,2400000.0,4630347.0,3847888.0,83.1%,2400000.0,4630347.0,1202311.0,25.97%,2645577.0,0.312459978045099,Feuil1,2025-10-14,2025,,,,,,,,,,,,,,,,,,,,,,,,,,,,,,,,,
بلدية سيدي عامر مسجد عيسى,Municipalite de Sidi Amer Masjed Issa,3215.0,810000.0,1321390.0,891254.0,67.45%,790914.0,1302304.0,227016.0,17.43%,664238.0,0.2547152663550458,Feuil1,2025-10-14,2025,,,,,,,,,,,,,,,,,,,,,,,,,,,,,,,,,
بلدية زرمدين,Municipalite de Zeramdin,3216.0,2263500.0,2470949.0,994371.0,40.24%,2255500.0,2470949.0,598945.0,24.24%,395426.0,0.6023355467928972,Feuil1,2025-10-14,2025,,,,,,,,,,,,,,,,,,,,,,,,,,,,,,,,,
بلدية بني حسان,Municipalite de Beni Hassan,3217.0,968650.0,1506015.0,973878.0,64.67%,968650.0,1506015.0,293227.0,19.47%,680651.0,0.3010921285828409,Feuil1,2025-10-14,2025,,,,,,,,,,,,,,,,,,,,,,,,,,,,,,,,,
بلدية غنادة,Municipalité Ghenada,3218.0,573000.0,1161386.0,894282.0,77.00%,573000.0,1161386.0,162645.0,14.00%,731637.0,0.1818721611303816,Feuil1,2025-10-14,2025,,,,,,,,,,,,,,,,,,,,,,,,,,,,,,,,,
بلدية جمال,Municipalite de Jammal,3219.0,5050000.0,6706381.0,3901296.0,58.17%,5050000.0,6706381.0,913316.0,13.62%,2987980.0,0.2341057945872346,Feuil1,2025-10-14,2025,,,,,,,,,,,,,,,,,,,,,,,,,,,,,,,,,
بلدية منزل كامل,Municipalité Menzel Kamel,3220.0,891000.0,1408575.0,824816.0,58.56%,854250.0,1408575.0,164490.0,11.68%,660326.0,0.1994262962891117,Feuil1,2025-10-14,2025,,,,,,,,,,,,,,,,,,,,,,,,,,,,,,,,,
 بلدية زاوية قنطش,Municipalite de Zaouiet Kontech,3221.0,755000.0,1225179.0,714257.0,58.3%,755000.0,1225179.0,191876.0,15.66%,522381.0,0.2686371992154084,Feuil1,2025-10-14,2025,,,,,,,,,,,,,,,,,,,,,,,,,,,,,,,,,
بلدية بنبلة المنارة,Municipalite de Bembla Menara,3222.0,1344500.0,2082317.0,1286284.0,61.77%,1344500.0,2082317.0,238798.0,11.47%,1047486.0,0.185649514415168,Feuil1,2025-10-14,2025,,,,,,,,,,,,,,,,,,,,,,,,,,,,,,,,,
بلدية منزل النور,Municipalité Menzel Nour,3223.0,1074100.0,1465177.0,726002.0,49.55%,1073100.0,1465177.0,380678.0,25.98%,345324.0,0.5243484177729538,Feuil1,2025-10-14,2025,,,,,,,,,,,,,,,,,,,,,,,,,,,,,,,,,
بلدية المصدور منزل حرب,Municipalité Masdour Menzel Harb,3224.0,789000.0,1720968.0,1294329.0,75.21%,786500.0,1600688.0,293065.0,18.31%,1001264.0,0.2264223392970411,Feuil1,2025-10-14,2025,,,,,,,,,,,,,,,,,,,,,,,,,,,,,,,,,
بلدية المكنين,Municipalite de Moknine,3225.0,14892982.0,14774448.0,5689966.0,38.51%,14811982.0,14774448.0,2102543.0,14.23%,3587423.0,0.3695176737435689,Feuil1,2025-10-14,2025,,,,,,,,,,,,,,,,,,,,,,,,,,,,,,,,,
 بلدية سيدي بنور,Municipalité Sidi Bennour,3226.0,472500.0,739788.0,422234.0,57.08%,472500.0,739788.0,59481.0,8.04%,362753.0,0.1408721230407783,Feuil1,2025-10-14,2025,,,,,,,,,,,,,,,,,,,,,,,,,,,,,,,,,
 بلدية منزل فارسي,Municipalite Menzel Fersi,3227.0,759000.0,1022651.0,463772.0,45.35%,759000.0,1022651.0,109231.0,10.68%,354541.0,0.2355273712082661,Feuil1,2025-10-14,2025,,,,,,,,,,,,,,,,,,,,,,,,,,,,,,,,,
بلدية عميرة الفحول,Municipalité Amiret El Fhoul,3228.0,397000.0,638954.0,251982.0,39.44%,397000.0,638954.0,82959.0,12.98%,169023.0,0.3292258970878872,Feuil1,2025-10-14,2025,,,,,,,,,,,,,,,,,,,,,,,,,,,,,,,,,
 بلدية عميرة التوازرة,Municipalité Amiret Touazra,3229.0,439800.0,702055.0,422459.0,60.17%,439800.0,702055.0,92603.0,13.19%,329856.0,0.2191999697012017,Feuil1,2025-10-14,2025,,,,,,,,,,,,,,,,,,,,,,,,,,,,,,,,,
بلدية عميرة الحجاج,Municipalité Amiret Hojjaj,3230.0,489000.0,868872.0,568554.0,65.44%,489000.0,868872.0,101158.0,11.64%,467396.0,0.1779215342781864,Feuil1,2025-10-14,2025,,,,,,,,,,,,,,,,,,,,,,,,,,,,,,,,,
 بلدية شراحيل,Municipalite Chrahil,3231.0,568000.0,724331.0,334549.0,46.19%,472250.0,632331.0,130117.0,20.58%,204432.0,0.3889325629429471,Feuil1,2025-10-14,2025,,,,,,,,,,,,,,,,,,,,,,,,,,,,,,,,,
بلدية البقالطة,Municipalite de Bekalta,3232.0,2233000.0,2510408.0,1211445.0,48.26%,1933000.0,2510408.0,585241.0,23.31%,626204.0,0.4830933306918597,Feuil1,2025-10-14,2025,,,,,,,,,,,,,,,,,,,,,,,,,,,,,,,,,
بلدية طبلبة,Municipalite de Teboulba,3233.0,10656100.0,10668807.0,4988564.0,46.76%,10578497.0,10591204.0,1155789.0,10.91%,3832775.0,0.2316877161443654,Feuil1,2025-10-14,2025,,,,,,,,,,,,,,,,,,,,,,,,,,,,,,,,,
بلدية قصر هلال,Municipalite de Ksar Hlel,3234.0,6239302.0,10870939.0,7034089.0,64.71%,5039302.0,9670939.0,1630677.0,16.86%,5403412.0,0.2318249029831723,Feuil1,2025-10-14,2025,,,,,,,,,,,,,,,,,,,,,,,,,,,,,,,,,
بلدية قصيبة المديوني,Municipalite de Ksibet El Mediouni,3235.0,1440000.0,1945194.0,1071720.0,55.1%,1440000.0,1945194.0,401540.0,20.64%,670180.0,0.3746687567648266,Feuil1,2025-10-14,2025,,,,,,,,,,,,,,,,,,,,,,,,,,,,,,,,,
بلدية بنان بوضر,Municipalite de Bannen Boudher,3236.0,1130200.0,1489170.0,962637.0,64.64%,1129600.0,1489170.0,250653.0,16.83%,711984.0,0.260381639184864,Feuil1,2025-10-14,2025,,,,,,,,,,,,,,,,,,,,,,,,,,,,,,,,,
بلدية طوزة,Municipalite de Touza,3237.0,724244.0,1031610.0,600784.0,58.24%,724244.0,1031610.0,158468.0,15.36%,442316.0,0.2637686755972196,Feuil1,2025-10-14,2025,,,,,,,,,,,,,,,,,,,,,,,,,,,,,,,,,
بلدية صيادة,Municipalite de Sayada,3238.0,1475000.0,2396697.0,1187181.0,49.53%,1475000.0,2396697.0,557755.0,23.27%,629426.0,0.4698146280979901,Feuil1,2025-10-14,2025,,,,,,,,,,,,,,,,,,,,,,,,,,,,,,,,,
بلدية لمطة,Municipalite de Lamta,3239.0,790000.0,904127.0,289730.0,32.05%,790000.0,904127.0,185936.0,20.57%,103794.0,0.6417561177648156,Feuil1,2025-10-14,2025,,,,,,,,,,,,,,,,,,,,,,,,,,,,,,,,,
بلدية بوحجر,Municipalite de Bouhjar,3240.0,1125235.0,1917868.0,1228718.0,64.07%,1125235.0,1917868.0,385250.0,20.09%,843468.0,0.3135381755618457,Feuil1,2025-10-14,2025,,,,,,,,,,,,,,,,,,,,,,,,,,,,,,,,,
بلدية منزل الحياة,Municipalité Menzel Hayet,3241.0,963000.0,1695232.0,1160125.0,68.43%,869000.0,1612232.0,240602.0,14.92%,919523.0,0.2073931688395647,Feuil1,2025-10-14,2025,,,,,,,,,,,,,,,,,,,,,,,,,,,,,,,,,
بلدية المهدية,Municipalite de Mahdia,3311.0,11719546.0,12607168.0,6369650.0,50.52%,11719546.0,12607168.0,3273618.0,25.97%,3096032.0,0.5139400124025653,Feuil1,2025-10-14,2025,,,,,,,,,,,,,,,,,,,,,,,,,,,,,,,,,
بلدية رجيش,Municipalite de Rejich,3312.0,1742455.0,2003641.0,1127875.0,56.29%,1742455.0,2003641.0,414438.0,20.68%,713437.0,0.3674502936938933,Feuil1,2025-10-14,2025,,,,,,,,,,,,,,,,,,,,,,,,,,,,,,,,,
بلدية بومرداس,Municipalite de Bou Merdes,3313.0,1724000.0,1753711.0,795040.0,45.33%,1720000.0,1753711.0,198084.0,11.3%,596956.0,0.2491497283155564,Feuil1,2025-10-14,2025,,,,,,,,,,,,,,,,,,,,,,,,,,,,,,,,,
بلدية أولاد شامخ,Municipalite Ouled Chamekh,3314.0,1556392.0,1556467.0,294938.0,18.95%,1356492.0,1356567.0,149018.0,10.98%,145920.0,0.5052519512575524,Feuil1,2025-10-14,2025,,,,,,,,,,,,,,,,,,,,,,,,,,,,,,,,,
بلدية شربان,Municipalite de Chorben,3315.0,2368839.0,2453933.0,760337.0,30.98%,2368839.0,2453933.0,204508.0,8.33%,555829.0,0.2689702066320592,Feuil1,2025-10-14,2025,,,,,,,,,,,,,,,,,,,,,,,,,,,,,,,,,
بلدية هبيرة,Municipalite de Hebira,3316.0,1282500.0,1276442.0,575893.0,45.12%,1221500.0,1270942.0,279461.0,21.99%,296432.0,0.4852654920271648,Feuil1,2025-10-14,2025,,,,,,,,,,,,,,,,,,,,,,,,,,,,,,,,,
بلدية السواسي,Municipalite Essouassi,3317.0,2283569.0,2361528.0,833624.0,35.3%,2283569.0,2361528.0,452880.0,19.18%,380744.0,0.5432665086417857,Feuil1,2025-10-14,2025,,,,,,,,,,,,,,,,,,,,,,,,,,,,,,,,,
بلدية الجم,Municipalite de Jem,3318.0,4284000.0,4315614.0,1842837.0,42.7%,4284000.0,4315614.0,989828.0,22.94%,853009.0,0.5371218398588697,Feuil1,2025-10-14,2025,,,,,,,,,,,,,,,,,,,,,,,,,,,,,,,,,
بلدية كركر,Municipalite de Kerker,3319.0,1392433.0,1414075.0,676574.0,47.85%,1392433.0,1414075.0,146815.0,10.38%,529759.0,0.2169976972215899,Feuil1,2025-10-14,2025,,,,,,,,,,,,,,,,,,,,,,,,,,,,,,,,,
بلدية الشابة,Municipalite de Chebba,3320.0,3741000.0,3749350.0,1290304.0,34.41%,3741000.0,3749350.0,778738.0,20.77%,511566.0,0.6035306408412281,Feuil1,2025-10-14,2025,,,,,,,,,,,,,,,,,,,,,,,,,,,,,,,,,
بلدية ملولش,Municipalite de Meloulech,3321.0,1240100.0,1280698.0,298171.0,23.28%,1089439.0,1130037.0,114969.0,10.17%,183202.0,0.3855807573506478,Feuil1,2025-10-14,2025,,,,,,,,,,,,,,,,,,,,,,,,,,,,,,,,,
بلدية سيدي علوان,Municipalite de Sidi Alouen,3322.0,1728350.0,2056543.0,995816.0,48.42%,1308350.0,1636543.0,568165.0,34.72%,427651.0,0.570552190364485,Feuil1,2025-10-14,2025,,,,,,,,,,,,,,,,,,,,,,,,,,,,,,,,,
بلدية قصور الساف,Municipalite de Ksour Essef,3323.0,3594572.0,3620697.0,1130373.0,31.22%,3589072.0,3620697.0,617546.0,17.06%,512827.0,0.5463205508270279,Feuil1,2025-10-14,2025,,,,,,,,,,,,,,,,,,,,,,,,,,,,,,,,,
بلدية البرادعة,Municipalite de Bredaa,3324.0,1236450.0,1304238.0,487488.0,37.38%,1064720.0,1132508.0,205655.0,18.16%,281833.0,0.4218667946698175,Feuil1,2025-10-14,2025,,,,,,,,,,,,,,,,,,,,,,,,,,,,,,,,,
بلدية صفاقس,Municipalite de Sfax,3411.0,64218117.0,66054636.0,34778145.0,52.65%,64218117.0,66054636.0,15552050.0,23.54%,19226095.0,0.4471788245175239,Feuil1,2025-10-14,2025,,,,,,,,,,,,,,,,,,,,,,,,,,,,,,,,,
بلدية ساقية الزيت,Municipalite de Sakiet Ezzit,3412.0,8000000.0,10488407.0,7110313.0,67.79%,7000000.0,10488407.0,2198401.0,20.96%,4911912.0,0.309184841792478,Feuil1,2025-10-14,2025,,,,,,,,,,,,,,,,,,,,,,,,,,,,,,,,,
بلدية الشيحية,Municipalite de Chihia,3413.0,4367000.0,4862834.0,2771248.0,56.99%,4367000.0,4862834.0,1011204.0,20.79%,1760044.0,0.3648911970346934,Feuil1,2025-10-14,2025,,,,,,,,,,,,,,,,,,,,,,,,,,,,,,,,,
 بلدية ساقية الداير,Municipalite de Sakiet Daier,3414.0,5600000.0,6911350.0,4646976.0,67.24%,5596000.0,6911350.0,1776708.0,25.71%,2870268.0,0.3823363839193488,Feuil1,2025-10-14,2025,,,,,,,,,,,,,,,,,,,,,,,,,,,,,,,,,
بلدية قرمدة,Municipalite de Gremda,3415.0,5320000.0,8054449.0,4735834.0,58.8%,5320000.0,8054449.0,1461431.0,18.14%,3274403.0,0.3085899970311459,Feuil1,2025-10-14,2025,,,,,,,,,,,,,,,,,,,,,,,,,,,,,,,,,
بلدية العين,Municipalite de Ain,3416.0,5030000.0,6086774.0,4009433.0,65.87%,4861360.0,6083834.0,1840338.0,30.25%,2169095.0,0.4590020583957881,Feuil1,2025-10-14,2025,,,,,,,,,,,,,,,,,,,,,,,,,,,,,,,,,
بلدية طينة,Municipalite de Tina,3417.0,5070000.0,5916836.0,3785406.0,63.98%,5070000.0,5916836.0,2079182.0,35.14%,1706224.0,0.5492626154235504,Feuil1,2025-10-14,2025,,,,,,,,,,,,,,,,,,,,,,,,,,,,,,,,,
بلدية عقارب,Municipalite de Aguereb,3418.0,2410000.0,2840991.0,1463516.0,51.51%,2386585.0,2817576.0,699707.0,24.83%,763809.0,0.4781000002733144,Feuil1,2025-10-14,2025,,,,,,,,,,,,,,,,,,,,,,,,,,,,,,,,,
بلدية جبنيانة,Municipalite de Djebeniana,3419.0,1233000.0,1663920.0,1076258.0,64.68%,1233000.0,1663920.0,382159.0,22.97%,694099.0,0.3550812165856142,Feuil1,2025-10-14,2025,,,,,,,,,,,,,,,,,,,,,,,,,,,,,,,,,
بلدية الحنشة,Municipalite de Hencha,3420.0,1200000.0,1296492.0,701594.0,54.11%,1200000.0,1296492.0,228257.0,17.61%,473337.0,0.3253405815899223,Feuil1,2025-10-14,2025,,,,,,,,,,,,,,,,,,,,,,,,,,,,,,,,,
بلدية منزل شاكر,Municipalite de Menzel Chaker,3421.0,831000.0,1247544.0,821993.0,65.89%,806481.0,1247544.0,312685.0,25.06%,509308.0,0.3803986165332308,Feuil1,2025-10-14,2025,,,,,,,,,,,,,,,,,,,,,,,,,,,,,,,,,
بلدية الغريبة,Municiplaite de Ghraiba,3422.0,894000.0,1290318.0,977248.0,75.74%,649061.0,1063179.0,438454.0,41.24%,538794.0,0.4486619568420708,Feuil1,2025-10-14,2025,,,,,,,,,,,,,,,,,,,,,,,,,,,,,,,,,
بلدية بير علي بن خليفة,Municipalite de Bir Ali Ben Khlifa,3423.0,1164000.0,1414971.0,780644.0,55.17%,1015000.0,1414971.0,432789.0,30.59%,347855.0,0.5543999569586137,Feuil1,2025-10-14,2025,,,,,,,,,,,,,,,,,,,,,,,,,,,,,,,,,
بلدية الصخيرة,Municipalite de Skhira,3424.0,1810000.0,3046609.0,2320427.0,76.16%,1810000.0,3046609.0,433678.0,14.23%,1886749.0,0.1868957739243682,Feuil1,2025-10-14,2025,,,,,,,,,,,,,,,,,,,,,,,,,,,,,,,,,
 بلدية المحرس,Municipalite de Mahres,3425.0,1954000.0,2416301.0,1485958.0,61.5%,1806149.0,2416301.0,695031.0,28.76%,790927.0,0.4677326007868325,Feuil1,2025-10-14,2025,,,,,,,,,,,,,,,,,,,,,,,,,,,,,,,,,
بلدية قرقنة,Municipalite de Kerkenna,3426.0,2060000.0,3792305.0,2072950.0,54.66%,2060000.0,3792305.0,286473.0,7.55%,1786477.0,0.1381958079066065,Feuil1,2025-10-14,2025,,,,,,,,,,,,,,,,,,,,,,,,,,,,,,,,,
بلدية القيروان,Municipalite de Kairouan,4111.0,22274827.0,25203948.0,12673183.0,50.28%,22274827.0,25203948.0,6253948.0,24.81%,6419235.0,0.4934788679371236,Feuil1,2025-10-14,2025,,,,,,,,,,,,,,,,,,,,,,,,,,,,,,,,,
بلدية الشبيكة,Municipalite Chbika,4112.0,1065342.0,1307119.0,969493.0,74.17%,1034327.0,1307119.0,287197.0,21.97%,682296.0,0.2962342172661381,Feuil1,2025-10-14,2025,,,,,,,,,,,,,,,,,,,,,,,,,,,,,,,,,
بلدية السبيخة,Municipalite de Sbikha,4113.0,1375085.0,2067167.0,1278503.0,61.85%,1375085.0,2067167.0,549069.0,26.56%,729434.0,0.4294624259778819,Feuil1,2025-10-14,2025,,,,,,,,,,,,,,,,,,,,,,,,,,,,,,,,,
بلدية الوسلاتية,Municipalite Oueslatia,4114.0,1103000.0,1616984.0,783086.0,48.43,1103000.0,1616984.0,396116.0,24.5%,386970.0,0.5058397161997533,Feuil1,2025-10-14,2025,,,,,,,,,,,,,,,,,,,,,,,,,,,,,,,,,
بلدية عين جلولة,Municipalite Ain Jalloula,4115.0,701062.0,701062.0,233104.0,33.25%,701062.0,701062.0,38498.0,5.49%,194606.0,0.1651537511153819,Feuil1,2025-10-14,2025,,,,,,,,,,,,,,,,,,,,,,,,,,,,,,,,,
بلدية حفوز,Municipalite Haffouz,4116.0,1045670.0,1454214.0,876015.0,60.24%,1045670.0,1454214.0,311778.0,21.44%,564237.0,0.3559048646427287,Feuil1,2025-10-14,2025,,,,,,,,,,,,,,,,,,,,,,,,,,,,,,,,,
بلدية العلا,Municipalite El Ala,4117.0,1483417.0,1513306.0,769602.0,50.86%,1483417.0,1513306.0,400869.0,26.49%,368733.0,0.5208783241207793,Feuil1,2025-10-14,2025,,,,,,,,,,,,,,,,,,,,,,,,,,,,,,,,,
بلدية حاجب العيون,Municipalite Hajeb El Ayoun,4118.0,1398441.0,2061935.0,1282675.0,62.21%,1395441.0,2058935.0,776286.0,37.7%,506389.0,0.605208645993724,Feuil1,2025-10-14,2025,,,,,,,,,,,,,,,,,,,,,,,,,,,,,,,,,
بلدية نصر الله,Municipalite Nasrallah,4119.0,751714.0,967693.0,818600.0,84.59%,751464.0,967693.0,171692.0,17.74%,646908.0,0.2097385780601026,Feuil1,2025-10-14,2025,,,,,,,,,,,,,,,,,,,,,,,,,,,,,,,,,
بلدية منزل مهيري,Municipalite Menzel Mhiri,4120.0,800918.0,814161.0,278451.0,34.2%,634918.0,814161.0,161145.0,19.79%,117306.0,0.578719415624293,Feuil1,2025-10-14,2025,,,,,,,,,,,,,,,,,,,,,,,,,,,,,,,,,
بلدية الشراردة,Municipalite Chrarda,4121.0,749931.0,784225.0,370369.0,47.23%,746431.0,784225.0,216169.0,27.56%,154200.0,0.5836584595363002,Feuil1,2025-10-14,2025,,,,,,,,,,,,,,,,,,,,,,,,,,,,,,,,,
بلدية بوحجلة,Municipalite Bouhajla,4122.0,1667707.0,1816805.0,837769.0,46.11%,1667707.0,1816805.0,438567.0,24.14%,399202.0,0.5234939464219851,Feuil1,2025-10-14,2025,,,,,,,,,,,,,,,,,,,,,,,,,,,,,,,,,
بلدية القصرين,Municipalite de Kasserine,4211.0,10293000.0,10293000.0,2772643.0,26.94%,10293000.0,10293000.0,1621190.0,15.75%,1151453.0,0.5847092467367778,Feuil1,2025-10-14,2025,,,,,,,,,,,,,,,,,,,,,,,,,,,,,,,,,
بلدية سبيطلة,Municipalite de Sbitla,4212.0,3123650.0,3123650.0,1496623.0,47.91%,3123650.0,3123650.0,615114.0,19.69%,881509.0,0.4110013009288244,Feuil1,2025-10-14,2025,,,,,,,,,,,,,,,,,,,,,,,,,,,,,,,,,
بلدية سبيبة,Municipalite de Sbiba,4213.0,1762098.0,1803931.0,628121.0,34.82%,1662098.0,1803931.0,364712.0,20.22%,263409.0,0.5806397175066588,Feuil1,2025-10-14,2025,,,,,,,,,,,,,,,,,,,,,,,,,,,,,,,,,
بلدية جدليان,Municipalite de Jedliene,4214.0,1010000.0,1187563.0,435146.0,36.64%,1010000.0,1187563.0,215689.0,18.16%,219457.0,0.4956704186640805,Feuil1,2025-10-14,2025,,,,,,,,,,,,,,,,,,,,,,,,,,,,,,,,,
بلدية تالة,Municipalite de Thala,4215.0,2379161.0,2543591.0,1521744.0,59.83%,2344161.0,2543591.0,304339.0,11.96%,1217405.0,0.1999935600206079,Feuil1,2025-10-14,2025,,,,,,,,,,,,,,,,,,,,,,,,,,,,,,,,,
بلدية حيدرة,Municipalite de Hidra,4216.0,1012250.0,1014587.0,649782.0,64.04%,877250.0,1014587.0,158409.0,15.61%,491373.0,0.2437879165627856,Feuil1,2025-10-14,2025,,,,,,,,,,,,,,,,,,,,,,,,,,,,,,,,,
بلدية فوسانة,Municipalite de Foussana,4217.0,1677.0,1769625.0,989456.0,55.91%,1657.0,1769625.0,361281.0,20.42%,628175.0,0.365130940638088,Feuil1,2025-10-14,2025,,,,,,,,,,,,,,,,,,,,,,,,,,,,,,,,,
بلدية فريانة,Municipalite de Feriana,4218.0,4147513.0,4326266.0,1282551.0,29.65%,3997513.0,4326266.0,505826.0,11.69%,776725.0,0.3943905544496866,Feuil1,2025-10-14,2025,,,,,,,,,,,,,,,,,,,,,,,,,,,,,,,,,
بلدية تلابت,Municipalite de Talebt,4219.0,2250310.0,2250310.0,770138.0,34.22%,2250310.0,2250310.0,356929.0,15.86%,413209.0,0.4634610939857532,Feuil1,2025-10-14,2025,,,,,,,,,,,,,,,,,,,,,,,,,,,,,,,,,
بلدية ماجل بالعباس,Municipalite de Majel Belabbes,4220.0,2726767.0,2924377.0,818531.0,27.99%,2726767.0,2924377.0,279933.0,9.57%,538598.0,0.341994377732792,Feuil1,2025-10-14,2025,,,,,,,,,,,,,,,,,,,,,,,,,,,,,,,,,
بلدية سيدي بوزيد,Municipalite de Sidi Bouzid,4311.0,12402000.0,13357687.0,9221935.0,69.04%,12402000.0,13357687.0,3001357.0,22.47%,6220578.0,0.3254584856648849,Feuil1,2025-10-14,2025,,,,,,,,,,,,,,,,,,,,,,,,,,,,,,,,,
بلدية جلمة,Municipalite de Jelma,4312.0,2050000.0,2555486.0,1651967.0,64.64%,2050000.0,2555486.0,567989.0,22.23%,1083978.0,0.3438258754563499,Feuil1,2025-10-14,2025,,,,,,,,,,,,,,,,,,,,,,,,,,,,,,,,,
بلدية السبالة,Municipalite de Cebalet,4313.0,730000.0,939803.0,576098.0,61.3%,729600.0,939803.0,212485.0,22.61%,363613.0,0.3688348162986158,Feuil1,2025-10-14,2025,,,,,,,,,,,,,,,,,,,,,,,,,,,,,,,,,
بلدية بير الحفي,Municipalite de Bir Hfay,4314.0,1700000.0,1538484.0,880219.0,57.21%,1700000.0,1538484.0,421786.0,27.42%,458433.0,0.479183021498059,Feuil1,2025-10-14,2025,,,,,,,,,,,,,,,,,,,,,,,,,,,,,,,,,
بلدية سيدي علي بن عون,Municipalite de Sidi Ali Ben Aoun,4315.0,915830.0,1266319.0,957789.0,75.64%,915830.0,1266319.0,281134.0,22.2%,676655.0,0.2935239389886499,Feuil1,2025-10-14,2025,,,,,,,,,,,,,,,,,,,,,,,,,,,,,,,,,
بلدية منزل بوزيان,Municipalite Menzel Bouzaiene,4316.0,890000.0,1201523.0,819856.0,68.23%,890000.0,1201523.0,375344.0,31.24%,444512.0,0.4578169824944868,Feuil1,2025-10-14,2025,,,,,,,,,,,,,,,,,,,,,,,,,,,,,,,,,
بلدية المكناسي,Municipalite de Meknassi,4317.0,1630000.0,1999931.0,1525297.0,76.27%,1611900.0,1999931.0,430143.0,21.51%,1095154.0,0.282006061770265,Feuil1,2025-10-14,2025,,,,,,,,,,,,,,,,,,,,,,,,,,,,,,,,,
بلدية المزونة,Municipalite Mezzouna,4318.0,1300000.0,1329820.0,926893.0,69.7%,1300000.0,1329820.0,111932.0,8.42%,814961.0,0.1207604329733852,Feuil1,2025-10-14,2025,,,,,,,,,,,,,,,,,,,,,,,,,,,,,,,,,
بلدية الرقاب,Municipalite de Regueb,4319.0,2400000.0,2505827.0,1704690.0,68.03%,2400000.0,2505827.0,515400.0,20.57%,1189290.0,0.302342361367756,Feuil1,2025-10-14,2025,,,,,,,,,,,,,,,,,,,,,,,,,,,,,,,,,
بلدية أولاد حفوز,Municipalite Aouled Haffouz,4320.0,565000.0,570000.0,173001.0,30.35%,565000.0,570000.0,126867.0,22.26%,46134.0,0.7333310212079699,Feuil1,2025-10-14,2025,,,,,,,,,,,,,,,,,,,,,,,,,,,,,,,,,
بلدية قابس,Municipalite de Gabes,5111.0,19161255.0,19440291.0,11360068.0,58.44%,18735380.0,19014416.0,2781304.0,14.63%,8578764.0,0.2448316330500838,Feuil1,2025-10-14,2025,,,,,,,,,,,,,,,,,,,,,,,,,,,,,,,,,
بلدية شنني نحال,Municipalite de Chenini Nahal,5112.0,1835000.0,3058939.0,2128546.0,69.58%,1835000.0,3058939.0,990056.0,32.37%,1138490.0,0.4651325364826505,Feuil1,2025-10-14,2025,,,,,,,,,,,,,,,,,,,,,,,,,,,,,,,,,
بلدية غنوش,Municipalite de Ghanouch,5113.0,2200000.0,3499831.0,2344795.0,0.67,2200000.0,3499831.0,869815.0,24.85%,1474980.0,0.3709556698986478,Feuil1,2025-10-14,2025,,,,,,,,,,,,,,,,,,,,,,,,,,,,,,,,,
بلدية المطوية,Municipalite de Metouia,5114.0,1013000.0,1296483.0,983362.0,75.85%,1013000.0,1296483.0,272983.0,21.06%,710379.0,0.2776017377120531,Feuil1,2025-10-14,2025,,,,,,,,,,,,,,,,,,,,,,,,,,,,,,,,,
بلدية وذرف,Municipalite de Oudhref,5115.0,995000.0,1216343.0,792652.0,65.17%,989672.0,1216343.0,416050.0,34.2%,376602.0,0.5248835554568714,Feuil1,2025-10-14,2025,,,,,,,,,,,,,,,,,,,,,,,,,,,,,,,,,
بلدية الحامة,Municipalite de Hamma,5116.0,3064160.0,3930859.0,2602232.0,66.2%,2715500.0,3589199.0,607531.0,16.93%,1994701.0,0.2334653482087684,Feuil1,2025-10-14,2025,,,,,,,,,,,,,,,,,,,,,,,,,,,,,,,,,
بلدية مطماطة القديمة,Municipalite de Matmata,5117.0,474000.0,677456.0,447847.0,66.11%,474000.0,677456.0,197265.0,29.12%,250582.0,0.440474090481794,Feuil1,2025-10-14,2025,,,,,,,,,,,,,,,,,,,,,,,,,,,,,,,,,
بلدية مطماطة الجديدة,Municiplaite Nouvelle Matmata,5118.0,701000.0,1264154.0,975301.0,77.15%,701000.0,1264154.0,451448.0,35.71%,523853.0,0.4628806901664204,Feuil1,2025-10-14,2025,,,,,,,,,,,,,,,,,,,,,,,,,,,,,,,,,
بلدية مارث,Municipalite de Mareth,5119.0,1763634.0,2289783.0,1217107.0,53.15% ,1763634.0,2289783.0,493080.0,21.53%,724027.0,0.4051246110654198,Feuil1,2025-10-14,2025,,,,,,,,,,,,,,,,,,,,,,,,,,,,,,,,,
بلدية الزرات,Municipalite de Zarat ,5120.0,606000.0,772507.0,500930.0,64.84%,606000.0,772507.0,192082.0,24.86%,308848.0,0.3834507815463238,Feuil1,2025-10-14,2025,,,,,,,,,,,,,,,,,,,,,,,,,,,,,,,,,
بلدية مدنين,Municipalite de Medenin,5211.0,11734084.0,11767633.0,5652791.0,48.04%,11084084.0,11117633.0,1318209.0,11.86%,4334582.0,0.2331961326714538,Feuil1,2025-10-14,2025,,,,,,,,,,,,,,,,,,,,,,,,,,,,,,,,,
بلدية بني خداش,Municipalite de beni Khdech,5212.0,848000.0,1250855.0,769369.0,61.51%,848000.0,1250855.0,189402.0,15.14%,579967.0,0.2461783617483938,Feuil1,2025-10-14,2025,,,,,,,,,,,,,,,,,,,,,,,,,,,,,,,,,
بلدية بن قردان,Municipalite de Ben Guerden,5213.0,6438800.0,6579063.0,2000557.0,30.41%,6438800.0,6579063.0,1604207.0,24.38%,396350.0,0.8018801763708807,Feuil1,2025-10-14,2025,,,,,,,,,,,,,,,,,,,,,,,,,,,,,,,,,
بلدية جرجيس,Municipalite de Zarzis,5214.0,8669000.0,9281614.0,5313041.0,57.24%,8649000.0,9281614.0,2611884.0,28.14%,2701157.0,0.4915986908439065,Feuil1,2025-10-14,2025,,,,,,,,,,,,,,,,,,,,,,,,,,,,,,,,,
بلدية جربة حومة السوق,Municipalite Jerba Houmet Souk,5215.0,9297297.0,9615847.0,4649200.0,48.35%,9297297.0,9615847.0,2736111.0,28.45%,1913089.0,0.5885122171556397,Feuil1,2025-10-14,2025,,,,,,,,,,,,,,,,,,,,,,,,,,,,,,,,,
بلدية جربة ميدون,Municipalite Jerba Midoun,5216.0,7866661.0,9872414.0,3637786.0,36.85%,7866661.0,9872414.0,1631425.0,16.53%,2006361.0,0.4484664573452094,Feuil1,2025-10-14,2025,,,,,,,,,,,,,,,,,,,,,,,,,,,,,,,,,
بلدية جربة أجيم,Municipalite Jerba Ajim,5217.0,1632000.0,2236086.0,1688830.0,75.53%,1632000.0,2236086.0,1009980.0,45.17%,678850.0,0.5980353262317699,Feuil1,2025-10-14,2025,,,,,,,,,,,,,,,,,,,,,,,,,,,,,,,,,
بلدية تطاوين,Municipalite de Tatouine,5311.0,6142005.0,9273066.0,6452821.0,69.59%,6142005.0,9273066.0,2199723.0,23.72%,4253098.0,0.340893231038022,Feuil1,2025-10-14,2025,,,,,,,,,,,,,,,,,,,,,,,,,,,,,,,,,
بلدية البئر الأحمر,Municipalite de Bir Lahmer,5312.0,800000.0,1026978.0,577159.0,56.2%,800000.0,1026978.0,213700.0,20.81%,363459.0,0.3702619208918166,Feuil1,2025-10-14,2025,,,,,,,,,,,,,,,,,,,,,,,,,,,,,,,,,
 بلدية غمراسن,Municipalite de Ghomrassen,5313.0,1942056.0,2059728.0,1182369.0,57.4%,1942056.0,2059728.0,273001.0,13.25%,909368.0,0.2308932321466479,Feuil1,2025-10-14,2025,,,,,,,,,,,,,,,,,,,,,,,,,,,,,,,,,
بلدية ذهيبة,Municipalite de Dhehiba,5314.0,510000.0,742085.0,419580.0,56.54%,510000.0,742085.0,239711.0,32.3%,179869.0,0.5713117879784546,Feuil1,2025-10-14,2025,,,,,,,,,,,,,,,,,,,,,,,,,,,,,,,,,
بلدية رمادة,Municipalite de Remada,5315.0,762625.0,981088.0,698446.0,71.19%,762625.0,981088.0,163057.0,16.62%,535389.0,0.2334568456258608,Feuil1,2025-10-14,2025,,,,,,,,,,,,,,,,,,,,,,,,,,,,,,,,,
بلدية قفصة,Municiplaite de Gafsa,6111.0,15962885.0,15962885.0,6082981.0,38.11%,15962885.0,15962885.0,2741317.0,17.17%,3341664.0,0.4506535529208458,Feuil1,2025-10-14,2025,,,,,,,,,,,,,,,,,,,,,,,,,,,,,,,,,
بلدية القصر,Municipalite de Ksar,6112.0,6911500.0,7193850.0,1943784.0,27.02%,6911500.0,7193850.0,1458264.0,20.27%,485520.0,0.7502191601535974,Feuil1,2025-10-14,2025,,,,,,,,,,,,,,,,,,,,,,,,,,,,,,,,,
بلدية أم العرايس,Municipalite Om Laaraies,6113.0,7545000.0,7545025.0,2563077.0,33.97%,7545000.0,7545025.0,2445908.0,32.42%,117169.0,0.9542858056937034,Feuil1,2025-10-14,2025,,,,,,,,,,,,,,,,,,,,,,,,,,,,,,,,,
بلدية الرديف,Municiplaite de Redayef,6114.0,3803194.0,4443382.0,1972360.0,44.39%,3803194.0,4443382.0,1533648.0,34.52%,438712.0,0.7775700176438378,Feuil1,2025-10-14,2025,,,,,,,,,,,,,,,,,,,,,,,,,,,,,,,,,
بلدية المتلوي,Municipalite de Metlaoui,6115.0,5615250.0,5888653.0,1725939.0,29.31%,5615250.0,5888653.0,862124.0,14.64%,863815.0,0.4995101217366315,Feuil1,2025-10-14,2025,,,,,,,,,,,,,,,,,,,,,,,,,,,,,,,,,
بلدية المظيلة,Municipalite de Mdhila,6116.0,2666000.0,3088729.0,1296894.0,41.99%,2666000.0,3088729.0,595047.0,19.27%,701847.0,0.458824699628497,Feuil1,2025-10-14,2025,,,,,,,,,,,,,,,,,,,,,,,,,,,,,,,,,
بلدية القطار,Municipalite de Guetar,6117.0,3321521.0,3944729.0,1793579.0,45.47%,3298071.0,3944729.0,1018366.0,25.82%,775213.0,0.5677843016672252,Feuil1,2025-10-14,2025,,,,,,,,,,,,,,,,,,,,,,,,,,,,,,,,,
بلدية السند,Municipalite de Snad,6118.0,1450000.0,2054359.0,1057154.0,51.46%,1450000.0,2054359.0,490650.0,23.88%,566504.0,0.4641234862659555,Feuil1,2025-10-14,2025,,,,,,,,,,,,,,,,,,,,,,,,,,,,,,,,,
بلدية توزر,Municipalite de Tozeur,6211.0,6390000.0,6487161.0,3165682.0,48.8%,6388000.0,6487161.0,1753104.0,27.02%,1412578.0,0.5537839871471614,Feuil1,2025-10-14,2025,,,,,,,,,,,,,,,,,,,,,,,,,,,,,,,,,
بلدية دقاش,Municipalite de Dguech,6212.0,1615000.0,1901894.0,931596.0,48.98%,1611000.0,1901894.0,297291.0,15.63%,634305.0,0.3191200906830858,Feuil1,2025-10-14,2025,,,,,,,,,,,,,,,,,,,,,,,,,,,,,,,,,
بلدية حامة الجريد,Municipalte de Hammat Jerid,6213.0,1420000.0,1631317.0,776563.0,47.6%,1420000.0,1631317.0,463640.0,28.42%,312923.0,0.5970410642793952,Feuil1,2025-10-14,2025,,,,,,,,,,,,,,,,,,,,,,,,,,,,,,,,,
بلدية نفطة,Municipalite de Nefta,6214.0,3170466.0,3556993.0,1819009.0,51.14%,3166566.0,3556993.0,1146037.0,32.22%,672972.0,0.6300337161608326,Feuil1,2025-10-14,2025,,,,,,,,,,,,,,,,,,,,,,,,,,,,,,,,,
بلدية تمغزة,Municipalite de Tamaghza,6215.0,1776000.0,2041024.0,796779.0,39.04%,1776000.0,2041024.0,369524.0,18.1%,427255.0,0.4637722630742025,Feuil1,2025-10-14,2025,,,,,,,,,,,,,,,,,,,,,,,,,,,,,,,,,
بلدية قبلي,Municipalite de Kebili,6311.0,6378496.0,6543797.0,3948150.0,60.33%,6377000.0,6542300.0,1232238.0,18.83%,2715912.0,0.3121051631776908,Feuil1,2025-10-14,2025,,,,,,,,,,,,,,,,,,,,,,,,,,,,,,,,,
بلدية جمنة,Municipalite de Jemna,6312.0,1625115.0,1644123.0,974407.0,59.27%,1625115.0,1644123.0,210543.0,12.81%,763864.0,0.2160729551409216,Feuil1,2025-10-14,2025,,,,,,,,,,,,,,,,,,,,,,,,,,,,,,,,,
بلدية دوز,Municiplaite de Douz,6313.0,2688790.0,3173713.0,1645649.0,51.85%,2686290.0,3173713.0,907267.0,28.59%,738382.0,0.5513125824522727,Feuil1,2025-10-14,2025,,,,,,,,,,,,,,,,,,,,,,,,,,,,,,,,,
بلدية القلعة,Municipalite El Galaa,6314.0,1030500.0,2050590.0,1767077.0,86.17%,1030500.0,2050590.0,262972.0,12.82%,1504105.0,0.1488175104989765,Feuil1,2025-10-14,2025,,,,,,,,,,,,,,,,,,,,,,,,,,,,,,,,,
بلدية سوق الأحد,Municipalite de Souk Lahad,6315.0,1988170.0,2288711.0,939088.0,41.03%,1988170.0,2288711.0,294728.0,12.88%,644360.0,0.3138449218816554,Feuil1,2025-10-14,2025,,,,,,,,,,,,,,,,,,,,,,,,,,,,,,,,,
,,,,,,,,,,,,,Feuil2,2025-10-14,2025,161.480.804 ,24.113.180 ,5.495.131 ,4.887.626 ,27.140.095 ,9.636.504 ,14.224.527 ,9.323.079 ,164.370.004 ,26.266.670 ,6.672.535 ,5.369.392 ,28.249.880 ,10.265.150 ,16.120.201 ,10.800.088 ,78.300.277 ,18.807.042 ,2.926.932 ,2.682.350 ,18.295.150 ,6.121.013 ,9.078.891 ,7.280.703 ,0.4764,0.716,0.4387,0.4996,0.6476,0.5963,0.5632,0.6741,
,,,,,,,,,,,,,Feuil2,2025-10-14,2025,164.370.004 ,26.266.670 ,6.672.535 ,5.369.392 ,28.249.880 ,10.265.150 ,16.120.201 ,10.800.088 ,بلدية تونس,بلدية حلق الوادي,بلدية قرطاج,بلدية سيدي بوسعيد,بلدية المرسى,بلدية باردو,بلدية الكرم,بلدية سيدي حسين,بلدية تونس,بلدية حلق الوادي,بلدية قرطاج,بلدية سيدي بوسعيد,بلدية المرسى,بلدية باردو,بلدية الكرم,بلدية سيدي حسين,بلدية تونس,بلدية حلق الوادي,بلدية قرطاج,بلدية سيدي بوسعيد,بلدية المرسى,بلدية باردو,بلدية الكرم,بلدية سيدي حسين,
,,,,,,,,,,,,,Feuil2,2025-10-14,2025,78.300.277 ,18.807.042 ,2.926.932 ,2.682.350 ,18.295.150 ,6.121.013 ,9.078.891 ,7.280.703 ,Unknown,Unknown,Unknown,Unknown,Unknown,Unknown,Unknown,Unknown,Unknown,Unknown,Unknown,Unknown,Unknown,Unknown,Unknown,Unknown,Unknown,Unknown,Unknown,Unknown,Unknown,Unknown,Unknown,Unknown,
,,,,,,,,,,,,,Feuil2,2025-10-14,2025,0.4764,0.716,0.4387,0.4996,0.6476,0.5963,0.5632,0.6741,Unknown,Unknown,Unknown,Unknown,Unknown,Unknown,Unknown,Unknown,Unknown,Unknown,Unknown,Unknown,Unknown,Unknown,Unknown,Unknown,Unknown,Unknown,Unknown,Unknown,Unknown,Unknown,Unknown,Unknown,
,,,,,,,,,,,,,Feuil2,2025-10-14,2025,بلدية تونس,بلدية حلق الوادي,بلدية قرطاج,بلدية سيدي بوسعيد,بلدية المرسى,بلدية باردو,بلدية الكرم,بلدية سيدي حسين,Unknown,Unknown,Unknown,Unknown,Unknown,Unknown,Unknown,Unknown,Unknown,Unknown,Unknown,Unknown,Unknown,Unknown,Unknown,Unknown,Unknown,Unknown,Unknown,Unknown,Unknown,Unknown,Unknown,Unknown,
,,,,,,,,,,,,,Feuil3,2025-10-14,2025,,,,,,,,,,,,,,,,,,,,,,,,,,,,,,,,,0.716
,,,,,,,,,,,,,Feuil3,2025-10-14,2025,,,,,,,,,,,,,,,,,,,,,,,,,,,,,,,,,0.4387
,,,,,,,,,,,,,Feuil3,2025-10-14,2025,,,,,,,,,,,,,,,,,,,,,,,,,,,,,,,,,0.4996
,,,,,,,,,,,,,Feuil3,2025-10-14,2025,,,,,,,,,,,,,,,,,,,,,,,,,,,,,,,,,0.6476
,,,,,,,,,,,,,Feuil3,2025-10-14,2025,,,,,,,,,,,,,,,,,,,,,,,,,,,,,,,,,0.5963
,,,,,,,,,,,,,Feuil3,2025-10-14,2025,,,,,,,,,,,,,,,,,,,,,,,,,,,,,,,,,0.5632
,,,,,,,,,,,,,Feuil3,2025-10-14,2025,,,,,,,,,,,,,,,,,,,,,,,,,,,,,,,,,0.6741
